No,Nama Pengguna,Komentar,Sentimen
1,ag46_id,"Di undang g datang jadi masalah ya, heran",positif
2,xsyugar,Katanya pak terawan malah nolak vaksin lohhh,positif
3,harrysan,Semoga menteri yang baru bisa memberi penjelasan kepada publik,positif
4,yudaherdanto,Mungkin sekarang sudah mau diundang mbak Nana.....#MatanajwaMenantiTerawan,positif
5,yanuarpdt,"Permisi, mau ngecek yang kemaren ngehujat Mbak Nana karena katanya Pak Terawan kerjanya bagus. Kok Di-reshuffle Pak Jokowi?",positif
6,alfirarizka,??,positif
7,ssilvianna_e,???? sehat selalu mba nana,positif
8,handryi_ar,??,positif
9,rudyanuar3,Sedih ya mba.. ??????,positif
10,______raka,pak terawan maunya diundang sekelas WHO ????,positif
11,pudjibas,LEBIH BAIK MENANTI UNDANGAN WHO (ORGANISASI KESEHATAN DUNIA) DARI PADA WHO SATUNYA (SIAPE ELO),positif
12,suwarno3warna,Rejim yg panik,positif
13,mhmmd.reza,"assalmualaikum mba nana, tolong mba dicek dmnya????????",netral
14,qmantolalu,"Sok Tahu Najwa, Kasih sign dr Terawan mundur, emang dikau bisa gantikan dr Terawan yg jujur dan kerja keras? Mikir donk jgn gampang judge org lain ga bisa kerja....",negatif
15,aziz_mulia_,Yg sekarang ini banyak pejabat titipan makanya gk bisa kerja yg penting abs.,positif
16,sragan_bagian_cidro,Aq mundur alon alon....??,positif
17,cepiabuy,Cakep dah ??,positif
18,dapongdaphong,Gak bertanggung jawab x...,positif
19,07_arif,"Lah, yang penting duitt.. Malu belakangann",positif
20,amirfrast,Ngomong sendiri Boa ?,negatif
21,fatighalkhatiri99,Hahaha ky wong gemblung takon dewek di jawab dewek... Mba sehat,negatif
22,hadiswahidin,Di ambil alih sama luhut ...,positif
23,berkahurung,Tidak Etis,negatif
24,farhanphotovideo,untung ga ada yg berani tangkap najwa??,negatif
25,linamarlianaarby,Siapa dieee??,negatif
26,muhamadadnan7794,wkwkwkwkwk.....,netral
27,gagahnu_graha,"Ya gitu deh, klo gw malu mnding.mengundurkan diri jadi menkes..lawong ga mampu kok",positif
28,alan_17084,Kayak Clint Eastwood..,netral
29,hansmunth,Ini acara Dialog Imajiner Mbak ...??,negatif
30,fmtx.std,Sedih menteri sekelas kursi kosong,positif
31,j8astore,Bukan kabur tapi lagi sibuk ngetik surat resign kayanya ia,positif
32,dr_doom.official,Mana berani buzzeRp dan cebong ngusik Najwa.. ????????,negatif
33,bahrin476,Gak punya malu pemerintahan sekrng,positif
34,fajar_ahmad_1,Mbak najwa nanti di serang buzzer hati2 mbak,positif
35,hariantoeffendy2134,Apa gak sebaiknya nana aja yg mundur?kalau gagal undang kehadiran menkes??????,negatif
36,aisnovianto29,Mundur mundur mundur gak guna juga Menkes nya,positif
37,2mikhael,"indonesiaku terlalu banyak orang pintar dan cerdas..kita tidak tahu mana yg kerja tulus dan ikhlas begitu juga dengan komentar...semoga pandemi ini bisa berahkir,amin..selalu berpikir positif dan tebar aura positif biar kembali kekita dan sekitar menjadi positif dan lebih baik...",netral
38,amatul1971,Mantap mbak najwa...smg di lindungi Alloh,positif
39,bakoelajah,Mundur aja kok repot pak,positif
40,heri_yanto12,Gak ada malunya itu menterinya,positif
41,kang_sobary,"Ambil gaji paling depan, giliran diminta tanggung jawab ????",positif
42,ceritayepe7441,Gimana gak Takut lah semua Bohong..Mulai dr atas smpe bawah gak satu suara..Pak Terawan jg takut salah ngomong..????????,positif
43,rifai5272,Ini semua karna menteri yg gatau apa apa.. memalukan,positif
44,pahidahlaupe,"Wkwkwk ketawain yg harusnya mba Nana Wawancara,..yakin dia malu bgt mba,..",positif
45,hnk_reality,Aneh tu kursi ga mau jawabb...takut ga digaji x??,positif
46,rahmaarif2018,Minta solusii sama buzzer..undang mrk apa konsep mrk selama ini,positif
47,eko_wanderung,Emang Indonesia punya Mentri kesehatan ???,netral
48,houtenhendrikvan,Sambil nyengir Menkes menjawab.... Nanti juga sembuh sendiri ??????,positif
49,setiarsihe,Mantap najwa??,positif
50,mir44u,Mantaap nadjwa??,positif
51,eng.gong_,"Hehehehe siaaaaap ajaa pokoknyaa dapat pesangoon besar, atau tetap dapat kompensasi bagi hasil tiap bulannyaaa??????",positif
52,rianqurti,Gak becussssss....... ketololan yg mbawa bencana,negatif
53,gultikcempaka,Yang Asli Yang Ada Badaknya,netral
54,ademidhun,Cari perhatian bgt nih mbak nya.. si sama aku ngobrol2 cantik mbak.. Pak terawan bukan org sipil dia militer jauh lebih tau di banding mbak nya..Tidak semua bisa di ungkapkan di public,negatif
55,jari.maniz,semua berawal dari gornh-gorong,positif
56,sabrina.hanny,apa ini definisi diam itu emas?,positif
57,bella_nazira,??????,positif
58,hondawin95,Ga ada lawan,positif
59,nalurilakilaki,looh hehhe,positif
60,adeheranovita,??????,positif
61,kangandi11,Blm ada di Indonesi pejabat mengundurkan diri??????,positif
62,tavya97,sindiran halusss??????,positif
63,delilahkalia,??????????,positif
64,_ars_jambi,di CARi pak menkes....kerjaannya diambil pak menteri segala bisa,positif
65,dyahiswara93,"Ih merinding dengar Mbak Nana ngomong,vralkan Mbak Nana????????????",positif
66,astuti8454,wow kwrwn mbak nana...setidaknya publik tau..pertanyaan seperti itu,positif
67,frans_telaum,Menkes lg tidur...jgn di ganggu,positif
68,pa.nda8076,Ngorok...,positif
69,teguhbasukireno,Mentetri Terawan lg sawan kali mbak takut ditanyain masalah covid,positif
70,denbagus1972,berani karena BENAR...Why not...,positif
71,aef_saepulloho09,Diam tdk jawab artinya iya,positif
72,fdsaputra6792,Yg mundur itu harusnya presidenttttt bukan pepsodent.,positif
73,blac.kscreen57,maluuuuuu ah,positif
74,kartosoiryoe,bhahahahahaha,netral
75,mocshwandi,Pak mentrinya lg sibuk mba Najwa,positif
76,ekobertani,Merenges kasian bangsa ini memainkan permainan yg membahayakan Rakyat nya,positif
77,sanitatousanny20,Good job Najwa !!!,positif
78,wahyuwidodo_ww,Acara tv kok Nyinyir ??,negatif
79,farisindriya,Emang Najwa itu siapa??? Presiden?,negatif
80,tarulimarpaun9,"Jangan ngotot juga menkes harus datang, harus dihormati juga keputusan beliau tidak mau datang, bukan malah ngasih pertanyaan sama kursi kosong, maksudnya apa coba?",negatif
81,sarina_irena,ckckck..demi rating,negatif
82,anre2410,hrs nya ga perlu begitu najwa bs menghargai seseorang yg ga mao dtg ini kesannya jd lebai pak mentri pasti punya alasab tertentu dna itu hak dia menolak hadir,negatif
83,srimularsih_asih,Lagi sibuk mbk kasihan bebannya skg berat....??,positif
84,shobah90,Menteri nya cemen ??,positif
85,boenmaey,Menteri Goib,positif
86,desykrs,??????????,positif
87,i_m_frederer,Kursi kog diajak omong? Stress ??,negatif
88,kurniatikartika_29,Kalau mata Najwa gak nuntut pertanggungjawaban ke pemerintah terus siapa yang mewakili kita-kita? Kita rakyat punya hak buat tahu dan protes bukan cuma diem karena dapat bantuan langsung tunai. Saya paham korona gak selesai dengan mudah tapi kenapa mesti pilkada dibolehin?,positif
89,christianaindrawati,"Kebablasan...emang Najwa itu siapa, mau ngatur2 menteri",negatif
90,masinambowjoyceirene,Emang gampang ngurusin Covid..,negatif
91,ema_maeemana,??,positif
92,gra_medsos,Wuhahahahahahaha??,netral
93,david_michelle_h,Angel teman tututanmu,netral
94,ithfiardi,Sebenarnya bapak terwan tuh ingin mundur tapi.....Duitnya yang ga pengen mundur,positif
95,rifaliadeyutama,Ngapain takut bro kita punya hak sebagai warga negara untuk berkomentar untuk masalah covid yang belum selesai,positif
96,iam.leo_a,Mbak Najwa kebelet ngakak no debat,negatif
97,_ahhabib,Lagi makan gorengan tuh di warteg dia,positif
98,eqi_ferdinan19,gak berani nongol tikus berdasi,positif
99,m.riskisurya,Sakit tapi tak berdarah,positif
100,swingly_kuhu,Terawan lagi terawang gajinya bulan depa,positif
101,dimar_nugroho,Menkes Kita Nggak Punya SILIT,positif
102,yogiambara211,"Pejabat kita, gak punya cermin,lupa dengan siapa dia,apa tugasnya,hanya mementingkan HAK nya saja",positif
103,alifian.rizky,Keren emang ni,positif
104,ismaay23,Salut,positif
105,bangdo1710,Ada udang dibalik batu..,positif
106,deweeim,"pertanyaanku ""kapan bapak mundur""??",positif
107,mgermanipasaribu,malas nontonya,negatif
108,priyotrisnantoadi,Sakno pakmu nduk,negatif
109,dafina0616,"pak menterinya ikuti anjuran pemerintah dirumah aja,jadi ngg boleh kemana-mana",positif
110,yogisetiawan2760,mantaf lebih seru kalo ada menkes nya langsung,positif
111,riosaputra16_,Cek ig parodi.kehidupan bintang tamunya ada disitu,netral
112,winsrek21,apaan sih ini maksudnya biar viral ya. Duhh sdh gk ngerti lg lah,negatif
113,andika_azriel,tante gw,positif
114,rezaa_96,Terlalu ngaciro negeri in hahahahha,netral
115,srimahadjani6,perempuan hebat,positif
116,denagustoo,Cerdas...,positif
117,syahputra.aditya,Rakyat Indonesia butuh konfirmasi dg datangnya pak mentri,positif
118,rikilim,Mnenteri anjing,positif
119,priskacriss,akibat kebanyakan quarantine dirumah,positif
120,_hasrullll,gawat najwa udah gila,negatif
121,andybetdrio_nomor7,MUNDURRR DAH MUNDURRRR,positif
122,dhika.nugraha.7712,jijik,positif
123,wahyu1989,salut sama bak najwa...Indonesia butuh orang kaya gini.,positif
124,tamsih8,kereeenn. Banget mba najwa,positif
125,heristeady,Kasian pak Terawan dia jadi bulan2an publik....muncul lah pak ke publik sampaikan informasi kepada rakyat apa yang sebenarnya sedang terjadi....,negatif
126,syafedriandra,Binser: emang gw pikirin omongan orang. Sdh diam aja disana wan.,negatif
127,andhifach,siapa dulu dong presidennya....,positif
128,zaenal_bidin2819,Hasil revolusi mental kaya gini kali yaah...Cuma tanya?,netral
129,andriyani_3010,Menteri Kesehantannya entah dimanaaaaaa,positif
130,captainfingers8,LUAR BIASA...BERANI..TEGAS..TANPA BERTELE TELE..!!,positif
131,ag_gustor,Harusnya lho yaaaa...Malu,negatif
132,yudi_zaky,"Menteri SOMPLAK,,,,,,,ga malu dia terima gaji ya",positif
133,pudinbalichillax,"kotak Kosong,,,kursi kosong,,,APALAGI AYO yg kosong 2?",netral
134,corrietanti,Kan menteri gak wajib datang ke acara2 spt itu. Katanya juga sdh dikirmkan dirjen oleh menteri  tp ditolak.,negatif
135,gus_wik,satirnya berkelas.,positif
136,yudi_wiradarma,Gpp kerja ngga keliatan asalkan hasilnya keliatan. Ini kerja ga keliatan hasilnya ikutan sembunyi,positif
137,tridarmaja,God bless you mbak Nana. Resiko besar Dibalik seorang najwa,positif
138,tugusbali68,"Pak dr. Terawan orang hebat, tp minim terExpose.Entah ada apa di negeriku",negatif
139,lees_na_at,sedang lagi kalem,positif
140,alonzojethro88,Kasian pak terawan...,negatif
141,uunshinorita,Kamu dimanaaa...dengan siapa...kamu ngapain ajaaaa...(nyanyi..),positif
142,ana_mahayani,Dikira apaan suruh mundur2. Lu kira gampang jadi mentri apalagi ini polemik dunia!!!,negatif
143,iqbaalsetiawan26,Tenang. Pak mentri lg cari jawaban sma pak luhut,positif
144,dewa_tourinbali6,"pak datang dong, saya mau menyimak apa kata bapak",positif
145,winduastikaa,Kayak org gladi bersih,positif
146,wahyu_dwiputra,Kerja kerja pak.. Gak bosan trus maen aman. Rakyat disini sudah pada kelaparan bosku..,positif
147,devaarmedio,Penakut,positif
148,fendipermanaa,Emang kita punya menkes ya?,netral
149,hanif_agusdc,Lanjut mbak. Pejabat kita ada beberapa yang jadi penjilat dan pengecut,positif
150,nh_mertawan,sudah dikasih kisi-kisi pertanyaan pak. Tinggal cari jawabannya di google,positif
151,mettabhavana,menaikan rating,negatif
152,bungarhg,mungkin bapaknya kena Covid,positif
153,divasnti,Kameramen bi lek : gmana jadi ngga anjim....:v,negatif
154,gedeariyanabw,"Min duduk sana,gantiin pak mentrinya kasian mbak nana ga ada yg di ajak ngomong",negatif
155,gedegilang,"cari di pubg, ada kali org tuh. lagi bengong.",positif
156,osel_fu,"akibat ceplas ceplos, terlalu menggampangkan sebelum covid masuk indonesia yagitu",positif
157,gunk_surya65,Kursi be like : gimana gimana???,netral
158,dekarya26,Buduh,negatif
159,shally.chan69,Hahahaha,netral
160,gusgalih,Dia wawancara john cena,negatif
161,03.kosong,Main tebakan siapa wakil presiden kita,netral
162,fumoshiki,Hahahahahah corona hanyala ladang bisnis di indonesia,positif
163,rita.tata.372,Selalu inspiratif,positif
164,caper.xd,Tak kira stress ternyata unjuk rasa toh sorry baru paham wkwkwkwk,negatif
165,tito.y.williams.sitirus,"Ingat suami Mbak, Suami.",negatif
166,triwanmdt,ini seprti nya nembak seseorang hahaha,positif
167,dwiki_039,"Undang pak presiden lagi aja, tanyain beda nya mudik sama pulang kampung",positif
168,_whinaa05,Hanya di mata najwa yang bisa mewawancarai mahluk ta kasat mata??,negatif
169,raffasya_ibrahim,terawan lbh banyak bkrja dblkang layar krn stp apa yang diucapkannya pasti dslahkan,negatif
170,akbrghaazi,Nyindirnya gak ngotak??,negatif
171,roky_saloha_bolon,Indar ke 7,negatif
172,junior_riyo,Hanya orang benar bisa melihat kebenaran..tanpa melihat..,negatif
173,farizfadhil,"Untung aja Najwa anaknya Quraisy Sihab, do'a nya kuat??",netral
174,holyyzeus,"indonesiakan mentri2nya gak tau malu,intinya duuuiiiiiitttttttttt",positif
175,yadoangg,Negeri ini sedang tidak baik-baik saja..,positif
176,rxtu_06,Majoo truss mbak nana,positif
177,mbemustofa4,Mentri kesehatannya lulusan pohon bambu,positif
178,jimson_ls,Sdah gila...ngomong sama kursi,negatif
179,giittaa_,Yg komen pada debat gila,negatif
180,jhon_rico.a,Mental baja,positif
181,mdaffa_58,"Bukan dia yang salah tapi yang melantik,tau org bego dilantik??????",positif
182,ysiemiliaa,Masih terhormat kalau menkesnya mundur!!Daripd menghilang lenyaapp,positif
183,christianpanji_,Loh sapa anjjr presiden kagak,negatif
184,putri.sng05,Ko najwa jd cyber bullying? Menteri wajib datang itu kalo dipanggil oleh presiden kamu itu Cuma jurnalis,negatif
185,ai_to_the_di,"Takut kayanya, kebanyakan covid palsu",positif
186,kittykissme,Diganti BU SUSI P. Aja jelas reel nampak nyata hasil kinerjanya,positif
187,omoitopup.id,Liat komentarnya berasa Debat Sekolah anjir??,netral
188,denik32756870,"cm di Indonesia, org yg hanya pintar merangkai kata dipuja2..",negatif
189,aditiyariskiii,"Mending anda mundur apa pak, ga becus, kayak pak Nadiem, gaada yg becus",positif
190,erlitayuu,Kenapa netizen banyak yg salah tangkap toh?!Heran gw.,positif
191,eveyelnk_,Paling suka sama kak najwa bener bener berani orangnya,positif
192,gideon.hulu,Sensasi sensasi. Hal yg paling dicari masyarakat hari ini.,positif
193,puja_manikmaya,Euh anjing leboook!Gk tau malu sia!Awal pademic kau yg paling sok dan gk takut corona sia goblokk,negatif
194,kpdc_01,"Namanya juga mata najwa, ya yang liat Cuma najwa lah",negatif
195,crst.bstian_,Buat yang mikir mbak najwa gila krn ngomong sendiri mungkin ga paham konteksnya yang dibahas,positif
196,genokazuo,Coba di TERAWANG dulu mbak..kali aja pak TERAWAN mya lagi di AWAN...,positif
197,uswatunhasanahz,"Menterinya jkw gak tau malu, udah kerja gak becus,diundang wawancara malah kabur??",positif
198,beby_ghena_,Hanya dijadikan boneka,netral
199,ryanwnta_,"Begini amat ya para petinggi indonesia,",positif
200,alrai_megatrend,Goblok ngomong sendiri bangkek????????,negatif
201,ralitagayatria,Kenapa DPR di ganti jadi ba Nana yang ngurus,negatif
202,ctnsrna,Keren mba??saya merinding????,positif
203,dzakwandzikrullah,Sosok goib,positif
204,fabianerlangga07,Bagaimana perasaan anak dari pak menteri ya . Dia di bully gak ya ... tapi gua yakin sih anak nya sepertinya gak ada yg di indonesia,netral
205,amelia_0297,Panutan ku mba nana ?,positif
206,mafiqa,Mbak Nana berasa kaya lagi latihan mau ujian praktek wkwmw,positif
207,ramadhantifitriani,Masyaallah sehat terus mba ????,positif
208,_muhaliakbar,"jujur, gua gatau menteri kesehatan yang mana.",netral
209,omybadboy1787,asli.. gw nge fans bangat sm sosok perempuan hebat ini??????,positif
210,maxkikilall,"Ngomong ama siapa mba nana...bingung ngelihatnya ...ditanya nggak di jawab, trus mba nana tanya lagi nggak ada yg jawab ...jaman skrng ini koq makin aneh aneh aja ya",negatif
211,dimas_m.w92,"Mbak nana the best... kalau ""nembak"" selalu tepat sasaran... gak melebar kemana2....",positif
212,plyy.nt,"Negara lain kalo kaya gini malu dan mengundurkan diri, di indonesia bertolak belakang banget ???? lucuuuu.. semangat mbak nana, sehat selalu ya ??",positif
213,pancadiputra,Mba nana lagi ngomong sama siapa sih? ??,negatif
214,rian_heriyan0,Yg ilfil cuma yg memuja berlebihan pemerintah. Itu sih. Ada kok yg milih pemerintah an yg sekarang. Tapi tetap stuju dengan mba Nana.,netral
215,auliayenie,the best as always??????????,positif
216,andhieananta,pers selalu menggunakan kata atas nama publik sebagai jargon. padahal?,positif
217,julistiasbrn,Saya jadi illfeel dgn anda melakukan ini...overconfidence..merasa diri paling benar...so apa si dampak mata najwa? Udah bikin apa buat negara ini? Apa kontribusinya? Selain mengkritisi sana sini???? Nato no action talk only,negatif
218,dhey_ala,Mbak nanana majuuuuuu,positif
219,sari_nuning,"Semangat mba nana...jangan takut...seluruh masyarakat akan mndukungmu dan slalu brda di belkangmu...basmi pemimpin2 yg tdak amanah,tidak jujur,yang merusak negara ini??????????????????",positif
220,zatidawati,"Dalam hari pak terawan. Untung gw gak hadir ke mata najwa. Kalau kagak, abis gua mau jelasin apa di depan publik????",positif
221,shinalung,Bapak mentiri nya mati mba kenak corona. Kemarin saya kubur di belakang rumah pakek kardus mie,positif
222,yee_tamara,Merinding ??,positif
223,mardiyantisri148,Mba Nana ??,positif
224,megarasyadani,Merinding aku tuh liat mba nana ngomong .. mewakili smuaa pertanyaan yg ada di benak rakyat indonesiaa.. maju teruss mbak nana,positif
225,yusuftanjueng,Masi hidup lgi menteri kesehatan nyaa,positif
226,nitamisimo,Niiiii baru kerennnn...jlebbbb ??????????,positif
227,adialfaid,"Mungkin pak terawan yg terhormat, sakit terkena covid .",positif
228,medamalau,Bangga bgt sama mba nana,positif
229,djhoko_tarora,"bangganya pnya kakak cewe sepintar ini,,, lanjut kak,,, sehat selalu,,, dan gali lagi fakta2 yg ada,,, agar negara ini jauh lebih baik,,,",positif
230,linaftr,Tugas pers ya nge press cuyy.... Pers penyambung lidah masyarakat maju terus mba nana ???? kami pada mu.,positif
231,sbrnaayy_,Sumpa keren bget. ??,positif
232,grosirbaju_oke,Loveee mba nana... Sehat trs??,positif
233,afrinihidayati,Aku padamu mba nana ??,positif
234,wanclick17,"Diam ster, di jawab skak mat..sejatinya jabatan ada untuk mengayomi bukan mengoyak.",positif
235,fika_d20,Hebat,positif
236,cindy.i.pratiwi,Kasian mba nana ngomong sm kursi:( heu,positif
237,jjeremyagriche,Aku padamuuuu mbak nanan??????kepengin jadi salah satu wanita hebat kayak mbak nanaaa,positif
238,dindaarelian,Indonesia corona dibuat bisnis wkwkw,positif
239,arthafica_studio,"Berjaung terus mba, di sini mah yang komen antara pemikiran maju sama ngga, udh itu doang",positif
240,brams797,"Selamat datang di Indonesia yang katanya kebebasan Pers tapi kalau mau ngundang org, org tsb harus datang wkwkwkwk LUCU",negatif
241,yessyykrnia,Aku dukung 100% kka??????????,positif
242,adityapradanaaaaaaaa,Kekuatan PERS. Salutee mba POWERFULL,positif
243,cutezhagirls,Ter the best ka nana????????????,positif
244,sf.marfa03,Aku nakes yang kena imbasnya... Keren mbak nana tq,positif
245,sosmed_society,Semangat mba nana! ????,positif
246,aprelaprilias,Hidup mba nana??,positif
247,angxzvcc,Terobos kak??,positif
248,haninshopp21,Damage nya gede pasti ni.. pertanyaan dari mbak Nana mana ada org yg bisa jawab lancar 100%. palingan plenga plngo kalau ada yg jawab,positif
249,_naniarasyid,kayak e lagi luar negri bapak.e ??????,positif
250,erninuraini088,Panjang umur hal baik :),positif
251,bagus_sanjaya56,Mbak Nana ??,positif
252,rifki.yastafif91,Maju terus pantang mundurnya buat mba nana ????????,positif
253,rakabhayyi,Baru liat donk aku tuh terjebak demo hari ini... Sial bgt ???? oh ternyata dari sini masalahnya.. Yawlaaaa,netral
254,kaarpxeu,MBA NANA AKU PADAMU????,positif
255,andrew_stts,urat panggilan punya dasar.... surat undangan? Yang bersangkutan bebas mw dtg atau enggak... itu bedanya,negatif
256,gilang_x,Terawan skill Natalia,netral
257,vierlyarthsr,iya gue merinding nontonnya,positif
258,veliarahmaaa,"Inita yang trending itu, pak terawang awokawok. Emang bapaknya bisa nerawang ya? Hebat banget",positif
259,marthaapatricia,Spicyyyyy ????????,positif
260,yonansef,Ka nana tuh siapa suaminya ?,netral
261,holisfauzi,itu menterinya kok ga ngomong2 ya keNapa??? ??,positif
262,blend_89,Mantap betul.tingkat kan trus ka,positif
263,sulfad.afyas,Mba nana tolong titip salam buat yang mencari keadilan diluar sana ??,positif
264,gbrielindah,Kaya gini ko di laporin aduh aduh,positif
265,yospan11,Jurnalis yang mulai belajar GILA-GILAANNYA KAMPRET DAN KADRUN... HEHEHHE,negatif
266,dmoaden,Mungkin masih ditoiler Mbk nana,positif
267,nenengeka_fitri,Semngat idola ku??wanita super yg tak takut di pidana karna menentang pejabat tinggi dan mengupas kejanggalan??,positif
268,volscakes,"????????pertanyaanny,kemana pak terawan berada?",positif
269,putri_harnani,the best kak najwa????,positif
270,saputra_azzi,"Kasian juga pak terawan ini, di kambing hitamkan.",negatif
271,shofia_munawaroh,Pengen ketemuu,positif
272,poertik,Di order ya?,negatif
273,rudi_saleh89,Mantap mbak najwa,positif
274,vanxxz_,Gda dapet uang kata bapaknya buat datang??,positif
275,rains_1030,?????? malah bikin kisruh aza mbak Nana ini. Jgn lupa minum obatnya mbak Nana biar cepat sembuh??,negatif
276,jenni_nov18,Best mba nana ?????? merinding,positif
277,inaalshopp,Mba nana sagat pintar dan cerdas.. Sy mewakili lampung kami suka bget nonton matanajwa... D,positif
278,oingrestrain,Cerdas banget kak????,positif
279,rachotib_vl,Suara bak nana adalah wakil para rakyat terimakasih bak nana telah mewakili rakyat dengan segala resiko nya,positif
280,herymaulanahary,Sy tetap dukung pak terawan.,negatif
281,tikaspusvadewi,Mantap mbak nana,positif
282,deliaaromli,Kerennn bgt mba nana sehat selalu yah ??????,positif
283,_asepsomantri,Ayo pa bikin kisi kisi dulu entar salah ngomong skak mat udah kaya maen catur entar bapa gabisa ngapa ngapain??????,positif
284,azhelray,Ayo di rangkum dulu kisi kisinya,positif
285,ajeng_ariwidi,Keren ka nana????,positif
286,byu.abd,"Tiba2 nanti bikin drama,menteri kesehatan nya kesurupan??????????jadi batal di wawancara????????????",positif
287,nrfaynti,Merinding,positif
288,gerard_shamuel,Mba Nana mewakili hati masyarakat Indonesia ??,positif
289,cintannovitaa,keren banget mba nana????,positif
290,hany_sujadmiko,???? mbak nana keren bingit ????,positif
291,fra_nandaa,Menteri kesehatan tapi otaknya gk sehat ??,positif
292,puttrriii1_,Orang2 waras selalu dukung yg bnerr kok mba nana??,positif
293,mynameis_zakky,menterinya punya jurus menghilang,positif
294,hasansng_,Tadi kayanya pak terawan masuk ke vent deh :’),positif
295,susimulyanii_,Best mba nana ini..,positif
296,starhabibie,Apakah pandemi ini ada kaitan nya dgn sembilan naga Indonesia?,positif
297,rindifrisillia11,Aku pdamu ??,positif
298,zalvazst,Mantappp ka nanaaaa,positif
299,8e6design,"wawancara bangku kosong, hmm, bangku kosong, jadi ingat video horor jadul itu",negatif
300,shalluannisa_,Menkes masih sehat atau udah giman....? ??,positif
301,aldy_ale,Andai Dy hadir di mata Najwa. Sya cuma ingin tanya kapan Bapak akan mengundurkan diri...??? #itusaja,positif
302,bangbes023,takut retak ginjalnya krn pertanyaan netizen maha kuasa...,negatif
303,libertafriska_26_c,Apa upaya yg di lakukan oleh menteri kesehatan untuk bisa mengurangi covid-19,positif
304,mirzhaaar,ughhh idolaaa bgttt mba nanaa??????.,positif
305,liam_emyer,Thinking smart mbk nana about covid. Real or unreal????,positif
306,alfarizi1634,Mbk cantik ini cerdas lanjudkan mbk perjuangan nya,positif
307,muhamadsulhan1971,"??mbak nana sudah benar,pak terawan mungkin sedang berhalangan,tapi yg pecicilan yg ngaku relawn p jokowi,yg lapor polisi perempuan gak jelas,dia gak pantas jd relawan jokowi,",positif
308,zaldega17,Anda sehat pak?,positif
309,mardiana_mj,"Pak terawan takut,nnti kena skak mat sama mbak nana,tebongkar deh bangkainya ??",positif
310,jakasetianugraha,ak terawan bersedia hadir di podcast om om sebelah??,positif
311,swny1__,"Pertanyaan: "" pak udah abis belom duit b....nya ?""",positif
312,aditya_bhrsyh,Ada sesuatu di balik itu,positif
313,naufalras15,Pak terawan AFK njir??,positif
314,xvatwn,Tolong racunj dpr pak,positif
315,y.smmine,"BAPAK DI KASIH UNDANGAN NYA BERBULAN-BULAN, KENAPA BARU SEKARANG?",positif
316,fikha_agracetha,KAPAN MUNDUR PAK ?!,positif
317,frdhan_ilham27,Sekarang pak terawan ikut demo gak??,positif
318,f4rh2020,Lagi mencret menahun menterinya gak muncul2...????,positif
319,agnigarut,corona di indo.. ga meninggal.mendadak.. kaya diwuhan.. seperti ayam kna tetelo .siang sehat.. pagi mati...,positif
320,damehsg1,"Setiap orang pasti punya kesibukan sendiri"" mbak, punya keoentingan sendiri"".",negatif
321,hend_rychou,Lagi kerja cari duit sebelum di TENGGELAMKAN????????,positif
322,komo_5,Bapak sehat ????????,positif
323,rovikoo,kenapa bapak masih disini ? bukankah anda sudah gagal,positif
324,santo.henry,Mentri kesehatan Australia tiap hari tampil di tv selama pandemi ini...,positif
325,dim.nugroho23,Emotnya mirip sama muka lu,netral
326,dim.nugroho23,Dan kebijakan dia yg ga tepat yg mana kalo boleh saya tau,positif
327,_rizkiiii.11,Pak Terawan apakah anda masih perawan,positif
328,lphnix_,mau tanya mata najwa ini selalu tayang hari rabu yah?,netral
329,diimasrivaldi,Kenapa rapid test itu sepertinya di komersialkan?,positif
330,dailyjab.bdg,"NgePRONE mulu nih pak terawan, di awal pandemi gencar beneeer eh sekarang masuk VENT",positif
331,maemuna_06m,Halusss bgttt ????,positif
332,siiliiliie,Mungkin pak Terawan gamau hadir karna takut jatuh cinta sm mbak nana,positif
333,sansekertajawakuno,Kapan meninggal?,positif
334,hruhanah,"mbak nana,sehat selalu????????????",positif
335,penikmatvanillate,Pak Terawan apa kabar? Sehat Bapak? Terima kasih,positif
336,fitria89,Bapak Terawan sehat kan? Lihat gak masyarakat pada resah ?,positif
337,mumuh_nhs,"Sy mah simpel saja mbak nanya nya, kapan bpk positif coronanya, semoga cepat yah, Aamiin ??",positif
338,idayati.r,Pak Terawan lagi diisolasi ??,positif
339,agustin_adr,Hayu bareng2 gotong si Terawan ke liang kubur wkwk,positif
340,ahmaqua,Saya to the point aja bapak kapan mundur ?,positif
341,galihraka_14,Klo pejabat sistem comot duit yak gini,positif
342,searlyris,sejauh apa langakah menkes yg telah dilakukan?,positif
343,jeprii.ir,MUNGKIN TERAWAN LAGI MOMONG CUCUNYA,positif
344,babe_florist,Makanya kasih kisi kisi pertanyaan mba biar dia muncul diakan tolil,positif
345,andisihand,Tanyain kak kapan dia mundur jadi menkes????,positif
346,randy_ambon,"sehat pakk? bapak jngn terlalu lama hilangnya, keburu bubar negeri ini ??",positif
347,lidiawhy,ak kemane aje ? Kangen lo aku ?? tolong kak nana sampaikan ya ke beliau??,positif
348,felixlingga_,"Titip pesan mba nana, PAK TERAWAN KAPAN SIH MUNDUR DARI KURSI MENKES??? TERIMA KASIH MBA??",positif
349,alfarisi2443,Pak mentri kesehatan selama 7 bln pandemi apakah bakp msh bsa mkn enk??,positif
350,roisul_falah,grebek aja mbak??,positif
351,violetha_dewi9386,Budekkk,positif
352,arifpermana4855,ngomong sampe bebusa juga gak bakal dateng mbak mentri hantu namanya juga,positif
353,heyarnsyh,"Lagi sibuk bikin penawar virus ,, , tetep semangat pak selalu sehat ,",positif
354,mbk_f3_salsabila,Smpai detik.ini apakah sudah hadir ???,positif
355,yudeancl,Pak Terawan uda makan?,positif
356,arvanriswandys,Cmn mau tanya penghasilan anda dari covid sdhberapa banyak?,positif
357,vionapictures,+62 kayakny tidak butuh bapak in ??,positif
358,ahmad09,Dia lagi di liang kubur,positif
359,dindazsaskia,Bobbrok sudah,positif
360,raflyftr1,Pak cara pindah planet gimana bosen di indo,netral
361,tezay_pemour,Bapak menteri kesehatan ya? Apakah bapak sehat?,positif
362,danielnovendri_s,narasumber gak datang langsung di sindir Oalah....,negatif
363,juand.forest22,Kapan mati pak terawan?,positif
364,sellaptrazaa,KAPAN PERBAIKAN BISA KITA LIHAT ? :(,positif
365,iksn.co,saya mau nanya untuk bpk terawan. Gajih relawan covid berapa? makasih,positif
366,emban_,Kemana aja menkes saat covid mulai merajalela di negeri ini ? Tak pernah terlihat di televisi lagi,positif
367,sadewa737,ganti mentri aja,positif
368,fajrimudawam,Sudah mencapai target belum pak terawan ke untungan bapapa dkk dari covid ini?,positif
369,diki_thoyee97,Mau nanya kapan mundur dri Kemenkes,positif
370,arifrh34,Bapak babi nongol lah ??,positif
371,sagisentosa,Lu mkin g bermutu ...,positif
372,gamaliaaa,Mba nana nanti kalo ada pak terawan udah kemana aja liburan nya sampai lupa pulang ke indo,positif
373,anggita7721,GANTI JUDUL ... MATA KADRUN BARISAN SAKIT HATI YG .GAGAL JADI MENTRI????,positif
374,fuadkhrij,Pengen nanya bapak kapan mundur? Wkwkwk,positif
375,jad_abdillah,Siapa sih terawan itu.. apakah bagian dari covid??,positif
376,diks_never,Lagi nyusun materi??,positif
377,anynuansa,Kalo nabung dah dapet duit berapa kira2..,positif
378,farhan_alfarabi__,"Jangan di cari pancing aja pakai uang pasti nonggol,.jadi menteri kok kyk orang jualan.",positif
379,fuji_santosa8790,"Izin bertanya pak,bapak sehat??",positif
380,martinrajagukguk,Bertobat kau najwa,negatif
381,gino.sapteno,fix jurnalis gabut?? tukang pelintir ahahaha,negatif
382,pu.jiutami,Jaga kesehatan ya mba Najwa ??,positif
383,nneessyyaa,"pertanyaan saya, ""menyesal ga pak pernah jadiin Covid-19 lawakan?""",positif
384,denry_primaldy,"Kapan bapak terawan yth, akan lempar handuk putih?",positif
385,aminjiihan,Dia lagi nyusun strategi buat bangsa Indonesia melawan rekayasa elit,positif
386,mhmmdfhrl__,Mengungkap impostor!,positif
387,doctorobie,Pak Terawan sedang di “amankan” mbak ??,positif
388,naraa.box,Semangat mba nana & tim mata najwa??,positif
389,alee_mubarrock,Pertanyaan nya...? Bisa gk sih jadi mentri....?,positif
390,unang_nyohon,Yg penting rating naik ya nyrocos trus,negatif
391,fazlialfa,Yok pak terawan bisa yok,positif
392,dekrisrzqsyh16,covid is bulshit,negatif
393,ubays12,"Sampai kapan PSBB ini, jangan tebelit-belit lah, udh cukup skenario nya!!?",positif
394,firdaustaufankusuma,"Tolong ditanya, kqpan dia mau mundur.",positif
395,idjal,Gkn datang banana... Beliau ini lagi benar2 sibuk... Sibuk nolak undangan media media lain....??,positif
396,_wahyudi91,Apa gunanya bpk sbg mentri,positif
397,maftuhfarhan4,apakah disetiap data covid yg disebarkan itu sudah benar2 real ?,positif
398,kursiya_nia_wati,Mbak Najwa benar2 panutan,positif
399,pemburu_hotwheels,Apakah covid ujung2nya jadi lahan baru buat nyari duit?,positif
400,cindysimmm,Keknya pak terawan impostornya nih,positif
401,komedi.indonesian,Pak terawan itu orang hebat. Ahli cuci otak. Patut di pertahankan.,negatif
402,den.beyne,Mbak najwa emang cerdas sekali,positif
403,dpahlevy,Ga malu pak menskes dgn kinerjanya? ??????,positif
404,dvdgin8,Kapan mundur pak Terawan?,positif
405,rzkynrrsni_,Pak terawan lg gamau diganggu kayaknya ??,positif
406,bimoandriandi,kapan mengundurkan diri?,positif
407,rafikah8516,"Aq mendukung najwa shihab,harus d klaripikasi tentang pa terawan.??",positif
408,mutiahrahmalia,Jadi kenyataan yang benar tentang virus corona tuh apa?,netral
409,sollah__,Apakah bapak tidak ada niatan untuk mundur dari jabatan bapak?,positif
410,azzamfln,"Yang saya tanyakan, pak kapan mundur pak",positif
411,taafukkk,Fix pak terawan impostor,positif
412,lathifaanisa,Kapan jadi singa seperti Bu Siti?,positif
413,gunturalqi,Bapak terawan lha kok ilang?,positif
414,baus_pratama,"Tanyakan ke pak Terawan, jadi menteri kesehatan syaratnya apa?",positif
415,rrn.yinn,Sembunyi di vent khusus impostor ya pak?,positif
416,risal.sanjaya,Mba Nana titip pesan dari saya buat MenKes kapan mundur.?,positif
417,ariffhidayat._,??mungkin lagi sibuk cari vaksin covid19,positif
418,frmnsyhadtya,Sibuk ngumpet,positif
419,dennysbarus,Terus klw pak terawan mau datang covid ilang? Ga juga kan? Mending menghimbau & menjaga diri sendiri supaya terhindar dr covid ini,negatif
420,yusrilp_30,Apakah covid bagian dari pilkada? Kok semua bisa di hentikan kecuali pilkada,positif
421,nicoputra21,Pak terawan ga punya ig ya?,positif
422,damesputra,"Klo orgnya ga mau dtg kok maksa, aneh ih ??",negatif
423,anitaaysf,dicari cari gada ternyata masuk ke vent oalah impostor,positif
424,adidaya_salman_tokase,"Kata pa terawan dulu covid hanya flu ringan, sekarang kemana pak?",positif
425,yoyon_guspa,"Pak Terawan mah cuman nakut""tin doang, di suruh Dateng ga mau",positif
426,fhandhau,Bapak juga banyak kerja lho..drpd menghadiri sana sini,negatif
427,amggialisha26,Pertanyaan ny cuma 1 kak najwa... Bapak masi manusia kah? Rasanya malu itu no 1 untuk manusia ??,positif
428,mithania_,Hak pak terawan g dtg kok situ repot amat situ siapa ??,negatif
429,narto_end,Lepaskan jabatan pak,positif
430,angga_rekso,"Namanya aja undangan gak hadir gak papa dong, kok kesannya baper yaa program inj",negatif
431,pratiwiririsp,Cari sensasi dan rating dg cara menjatuhkan orang,negatif
432,rreihandi,kapan mundur pak Terawan,positif
433,mrizalrosyadi,Nitip pertanyaan mba Nana. Kapan mau mundur Pak?,positif
434,suryabudi2,Ketakutan dia mba????,positif
435,fahwitzulfairahh,Pak terawan masuk vent yaaa makanya ilang,positif
436,shhazrah,yg ingin saya tanya kenapa pak terawan gapernah hadir kalo mba nana ngundang ke mata najwa,positif
437,fmuhammad14,Pak menkes kemana aja pak? Kok sampe pak luhut yg turun tangan? Beliau jadi kebanyakan jobnya tuh pak,positif
438,rizali_ijal,"Bapakmu kan katanya ustad terkenal, suru dy berdoa agar covid cepat selesai, jangan sibuk cri2 kesalahan org lain..",negatif
439,nrhidyat_spttra,Apakah semua ini hanyalah konspirasi saja? Simple,positif
440,agus_kunt,Nunggu abad 30,positif
441,robyyy_inst,panas panas panas,positif
442,reychan_a,Kenapa nggk hadir takut kebongkar semuanya ya??,positif
443,dieasimphony,Gak pingin mundur ta pak? Saya lihat bapak sudah lelah??????,positif
444,st.heindrich,Kok maksa sih wkwkwk,negatif
445,iawalll_,Pak terawan kenapa anda begitu cerdas?,positif
446,hikmahbanna,Pak terawan bicara lah pd kami rakyat indonesia...,positif
447,fadli.syam.165,Bapak kapan mundur.?,positif
448,__yoga.03__,Corona ringan kok yang berat jika anda menghilang!,positif
449,lomboanm,Kapan mundur?,positif
450,alilbitoflove,"Pak Terawan lagi rutin cuci otak sendiri kali mba, positif thinking aja ga bisa kesana...",positif
451,rahmat26hidayat,Coba di tnyakan pada pak terawan masih sanggup jadi mnteri?,positif
452,adeliarhd_,Mungkin mbk nana undangannya lain kali bisa dikirim tiap hari??,positif
453,rizkygnrd_,Apakah bapak terawan sanggup menjadi diri sendiri?,positif
454,andriosai,Mana tau dia lagi sibuk push rank kan abis reset,positif
455,alvianosatriaw,Kapan mundur pak ?,positif
456,aku_ismi,Dia hanya tidak bisa berbohong mba nana ??. Makanya dr awal ga pernah muncul,positif
457,tina.mr,Pak terawan sedang sibuk pada renca apa saat ini?,positif
458,achmad_js,"Pak Terawan, kapan mau mundur dari jabatan dan kerja nyata menyelamatkan nyawa dari segala bentuk virus?",positif
459,rabstagram_,Tolong tnykan ke pak mentri Kapan mundur?,positif
460,laura_rchl,Yg slh qt bukn mentriny :) . Mbakny gk hrus jga kek gitu,negatif
461,kaisrayans,Pejabat jaman sekarang mah bodo amat digituin. Yg penting jadi pejabat.,positif
462,wann__14,Yang di cari hanya rating/sensasi bukan informasi. Kho berbuah ya skrng mbak nana..,negatif
463,bonifasiussiregar,Apa takut menghadapi NS yah?? Boleh donk saya bertanya...,positif
464,mhjup_,Semua berawal dari kotak kardus yg digembok... Jadi terima sajalah nasib bangsa ini.. ??,positif
465,ilhambuyax,Bravo nazwa shihab!!,positif
466,lilylaurasiburian,.....bukan corona yg hilang tp Mentri yg hilang..... doooy idoooy,positif
467,rebekasembiring,Rkytnya yg ngk tertib mentrinya yg disalahkan..,negatif
468,bily.twins,Mentri GAGU????,positif
469,iyudh_wahyudi,Gara² covid si mbanya ngomong sendiri... Kok saya agak merinding ya ??,negatif
470,iasyhari1511,Ganti aja menkes... Beliau sdh gagal... Covid malah makin merajalela. ????,positif
471,debu_roda,Sungguh informatif sekali,positif
472,napmeme,Saya sangat paham maksud y,positif
473,canna.auroraa_,Aku orang nya emosian lo,negatif
474,ryo_82726,Iya sih menurutku juga begitu gw setuju dengan mbak najwa,positif
475,orang.ji.saja,Mbak najwa bener juga sih,positif
476,ramprtmm,Wow impresif,positif
477,yourfavboy.27_,"Ya Allah, humor ku sebatas kursi kosong doang, receh bat ??",netral
478,faishalfaroid,terawan belum siap di GORENG??,positif
479,_rizkiaw12,"Mbak nana liat Youtube denny siregar , di ngajak berargumen tentang pak terawan ??",positif
480,dennysoeyanto,"Udah ga minat sama mata najwa, mulai berpolitik",negatif
481,yulian_junior,Haha maksa amat si mbak nana,negatif
482,ayu.amandaistiana,Mau nanyaaa. Bapak kemanaaa ajaaa??? Kami team medis kangen paaakkkk ~~~~~~,positif
483,de_sudi,speechless... ??,positif
484,bang_hakim18,"Perranyaan saya. ""Bapak ngapain aja?? """,positif
485,ayyubi_ahmad,semangat maju terus pak terawan .. jika tak tau malu,positif
486,aci_12,"kasian bapak, mending mengundurkan diri lo pak dripada di vote rame” trus di eject dari bumi :)",positif
487,bayuandikasimabua,bapak terawan siapa ya? Kami sampai lupa kalau ada menteri namanya bapak terawan.,positif
488,muhammad_ansor1,Pak tertawan kapan mundur ??,positif
489,apri.abs,"Udah gak bisa berkata-kata lagi,udah kesel banget sama pemerintah .",positif
490,jasman_js,"Mbak najwa kaya wawancarai wakil saja,, ngak nampak",positif
491,lemon.160497,Tinggal pecat ??,positif
492,pbnugroho,Mamtab mbak najwa,positif
493,nophe_jasmin,bingung dg situasi ini... jalanin aja seperti panggung sandiwara..,netral
494,its_faturre,"Pasti kalo kursi itu bisa bicara dia pasti ngomong,mana saya tau saya kan kursi??",negatif
495,ninik.noviyanti.7,Mantap.....bukan corona yg hilang tp Mentri yg hilang..... doooy idoooy,positif
496,w_diasman,Mba nana sehat,negatif
497,rebekasembiring,Rkytnya yg ngk tertib mentrinya yg disalahkan..,negatif
498,milan_odjan,Hahaha..wkt awal pandemi menkes suruh rakyat berdoa supaya virus cpt ilang..rupanya rakyat salah berdoa..virusnya ga ilang..menteri nya yg ilang ??,positif
499,eddy_starsz,"Diluar negri klo mentri nya gagal mereka langsung mengundurkan diri , disini sudah gagal tetap aja menjabat kayak gak sadar sudah gagal",positif
500,haldi_17,"tolong tanyakan,,berapa pendapatan yg telah dihasilkan dari covid-19(uang)...dan uang itu trus dipake untuk apa,untuk siapa.serta kn bukti yg jelas??",positif
501,faqhisyaa__,"JANGAN USIK MBA NANA, MBA NANA SUARA RAKYAT!",positif
502,ammie_echa,Sebenarnya dr.terawan ada dimana sih??,positif
503,elta.indri,"Klau gak mampu mundur cog intinya mundur aja kayah menkes"" luar negri",positif
504,fajria.ria.9,"Semangat mba nana,ada2 aja deh",positif
505,elisahamelia,Semangat mba najwa??????,positif
506,isahmad97,Hancurnya negara ku??,positif
507,harahapboy05,"Lebih senang lagi kmi para tenaga medis jika bapak menkes di percepat di panggil tuhan, ????",positif
508,samsulpinang4,hati hati pak terawan klo di undang nanti omongannya jdi bhan trending...,negatif
509,andrew.christt17,syg sekali bacotmu tak sesuai dengan kinerjamu pak!,positif
510,bar_atma,SEMANGAT PAK TERAWAN ??,negatif
511,mhendrika,"Mana etikamu dalam melakukan wawancara, yg fair aja lah.",negatif
512,sidoli_partagi,Demi rating.. ngomong sama setan pun di lakukan..??????,negatif
513,lilin.zlf,Kasian pak terawan????,negatif
514,yohanestanggara,Berkaca jangan menghakimi!! Emang anda siapa? Kok maksa mentri datang ke acara anda??,negatif
515,yakoba_tafetin,mantap bosque bapak Menkes lebih fokus ngurusin hal yang lebih penting,negatif
516,candra_biondy92,Tetiba pada saat itu menjadi misteri bangku kosong ??,netral
517,fheby_ferlien,Berikan solusi,positif
518,erhashz,"Sedih bgt, mau jadi mantan ??",positif
519,tancaaa_,Ngelawak neng Najwa wkwkwk,negatif
520,robby.apr,Makanyandia ga nongol.. Org dia seneng dipanggil2,positif
521,ahmadkhaeruddin09,Kasian jga bapak Ini jdi korban kapitalis,negatif
522,putroekhayangan,"AKANG GENDANG, KALO RAKYAT BILANG MUNDUR ,MUNDURR YA????",positif
523,tidimart,RI punya menkes ga ya? Kok ga berasa punya menkes,positif
524,afrisoni_samosir,"Akhirnya lebih milih rating daripada kualitas, trans 7 berhasil",negatif
525,_traffic_officer_,Mangkax jgn ngeremehin covid dri awal vangke.,positif
526,sierrika,Banyak banget netizen bayaran pemerintahan tuk jatuhkan mata najwa??,positif
527,hellovello__,Gua sih ga bela siapa siapa??,netral
528,bbghenranst,"Najwa udah jadi kaum KADRUN, sama dgn junjugan yg kabur ka Arab",negatif
529,lukmanhakm,Lanjutt... ????,positif
530,arkhangelsk_nizhny,Ntah kenapa kadang ga begitu suka liat najwa shihab klo lg wawancara ??,negatif
531,sigitjapra,Yg bilang terawan gblk siapa sih? Ko bingung ??,negatif
532,mhendrika,"Acara provokatif, akhirnya timbul perpecahan. Kembalilah ke jalan yg benar mbak nazwa",negatif
533,maharani_hatta,Pak Terwan lagi sibuk urusin covid mba nana.. gak sempet ikut mata nazwa.. klo ngundang apa wajib dateng yaa...,negatif
534,enalkue,#berhentilah memprovokasi nana,negatif
535,vistaruth,PARBADA kali kau mbak nana ????,negatif
536,ari8fin,Acara sampah ??,negatif
537,dian_djehadu,emang penting banget hadirin talkshow ini??,negatif
538,ritabalihotel,"Klo anda tdk sehat, jgn mewawancarai orang lain. Nanti anda terlihat pintar!!!",negatif
539,mrs_ss11,"Mata najwa sekarang berubah tidak seperti dulu,",negatif
540,fahryzaf,"goreng terusss, miris liat media satu ini sekarang jd begini...",negatif
541,penyembahdalamrohkebenaran,Kenapa marah kalau beliau tidak datang di acara anda?,negatif
542,endah216,semangat Nana utk tampilkan kebenaran??,positif
543,kartika7926,Lagi isolasi mandiri mungkin.. mengisolasi diri dari kenyataan,positif
544,samsul_jogja,Demi rating,negatif
545,siiikiiilooon,Jangan lebay mbak.. Hanya untuk sebuah rating ??,negatif
546,remiel_87,"Mbak najwa kok sekarang lebay ya.. Kamu toh siapa, narsum ngga datang, baper ????",negatif
547,sadanihs,"""demi rating, semua di setting""",negatif
548,novrianmarlon,"Jaga jarak, pake masker, cuci tangan pakai sabun",netral
549,ridho4586,"Dia lgi bertapa ke 1000 gunung 700 pulau,300 lautan",positif
550,sefta13,Baperan ya . Nyari rating gitu amat ??,negatif
551,andariniid,Kasian pak mentri jadi yg di pojokan .. ya Allah lindungi sllu beliau..????,negatif
552,sitohangmario,najwa... jangan terlalu menggiring opini dongg ;(,negatif
553,petrahermawan,Anda lagi mengkritik atau membully??,negatif
554,rahjasa.firmando,"Ga jelas ni acara tv ini, siapa sih yg adminnya, jijik gua liat ini di Explore",negatif
555,ruslanorita,Kalau mau ngobrol undang Anis aja,negatif
556,fennychirsst,Mata najwa tak lagi netral.,negatif
557,q.rex_syantix,Ngapain jg datang ke acara ga bermutu,negatif
558,ncak_ethnic,Emang penting dateng ke acara ini ya?,negatif
559,heryanto635,"Mari sma2 kita berdoa agar pandemi ini cepat selesai,, Alfatihah.",negatif
560,alvhin_lamandau,Lagi antri beli odading mang oleh ke nya??,positif
561,asannopik199,"biasanya kalo ga becus di ganti, ini malah bapak.menteri nya pergi entah kemana",positif
562,joko_basunondo,Positif thinking aja mungkin pak menteri lagi beli masker ??,positif
563,ayuland_,"Setuju, kita butuh data yg transparan jelas!",positif
564,nindyjeon,Mba nana itu nyindir. Lagi krisis gini kok ngilang tuh menteri,positif
565,ekopuryanti_m,Kemenkes sudah bubar,positif
566,novieariyade,Kemana pak menteri nya?,positif
567,zoyaarumi18,Ah ciut nyalinya pak. Kalah sama bocah. Bocah aj ngotok layangan Ampe ke jalan??,positif
568,santosa_112,Pak menkes lagi di danau toba lagi buka lahan buat nanam jagung ????,netral
569,ekokristayano.smart,Msh ggal paham,positif
570,m.yazid.st.rajoalam,Emang kita punya menkes??? Kan ada MenHut.,positif
571,sanasini,Yg milih dia dulu siapa sih? Udah underperform tp ga di copot,positif
572,vindyvinola,Napa ga dateng? Takut??,positif
573,ada_anto,Semua kendali di pegang pak Luhut ??,positif
574,daniwyldnt,Cuma org yg merasa bersalah dan memang benar bersalah yg tidak mau hadir di mata najwa..,positif